[
  {
    "name": "人社一館 無障礙坡道",
    "lat": 23.895057,
    "lon": 121.542174,
    "campus": "志學校區",
    "type": "building_ramp",
    "description": "出入口寬度147公分、扶手高度74公分、轉彎平台空間0公分。"
  },
  {
    "name": "人社二館 無障礙坡道",
    "lat": 23.895941,
    "lon": 121.541739,
    "campus": "志學校區",
    "type": "building_ramp",
    "description": "出入口寬度189公分、扶手高度80公分、轉彎平台空間0公分。"
  },
  {
    "name": "圖書館 無障礙坡道",
    "lat": 23.896522,
    "lon": 121.541528,
    "campus": "志學校區",
    "type": "building_ramp",
    "description": "出入口寬度150公分、扶手高度80公分、轉彎平台空間0公分。"
  },
  {
    "name": "綜合教學大樓 無障礙坡道",
    "lat": 23.897213,
    "lon": 121.54161,
    "campus": "志學校區",
    "type": "building_ramp",
    "description": "出入口寬度150公分、扶手高度80公分、轉彎平台空間0公分。"
  },
  {
    "name": "體育館 無障礙坡道",
    "lat": 23.894487,
    "lon": 121.543659,
    "campus": "志學校區",
    "type": "building_ramp",
    "description": "出入口寬度150公分、扶手高度80公分、轉彎平台空間0公分。"
  },
  {
    "name": "涵星莊宿舍 無障礙坡道",
    "lat": 23.896675,
    "lon": 121.534565,
    "campus": "志學校區",
    "type": "building_ramp",
    "description": "出入口寬度150公分、扶手高度80公分、轉彎平台空間0公分。"
  },
  {
    "name": "涵星莊宿舍 無障礙坡道",
    "lat": 23.896486,
    "lon": 121.533643,
    "campus": "志學校區",
    "type": "building_ramp",
    "description": "出入口寬度150公分、扶手高度80公分、轉彎平台空間0公分。"
  },
  {
    "name": "仰山莊宿舍 無障礙坡道",
    "lat": 23.895883,
    "lon": 121.534581,
    "campus": "志學校區",
    "type": "building_ramp",
    "description": "出入口寬度150公分、扶手高度80公分、轉彎平台空間0公分。"
  }
]
